antecedents,consequents,antecedent support,consequent support,support,confidence,lift,representativity,leverage,conviction,zhangs_metric,jaccard,certainty,kulczynski,antecedents_str,consequents_str
frozenset({'jam making set printed'}),frozenset({'jam making set with jars'}),0.0593192868719611,0.0586709886547812,0.02414910858995138,0.40710382513661203,6.938758566554962,1.0,0.020668787382876835,1.587679346324194,0.9098538846155624,0.2573402417962004,0.3701498968823857,0.4093530175406817,jam making set printed,jam making set with jars
frozenset({'jam making set with jars'}),frozenset({'jam making set printed'}),0.0586709886547812,0.0593192868719611,0.02414910858995138,0.4116022099447514,6.938758566554962,1.0,0.020668787382876835,1.5987155781800473,0.909227263482907,0.2573402417962004,0.37449786963458237,0.4093530175406817,jam making set with jars,jam making set printed
frozenset({'alarm clock bakelike green'}),frozenset({'alarm clock bakelike red'}),0.05186385737439222,0.05532144786601837,0.033657482441923285,0.6489583333333334,11.730682373046877,1.0,0.030788298760055233,2.691072433378702,0.9647912636676682,0.45775165319617933,0.6284009350337414,0.6286783854166667,alarm clock bakelike green,alarm clock bakelike red
frozenset({'alarm clock bakelike red'}),frozenset({'alarm clock bakelike green'}),0.05532144786601837,0.05186385737439222,0.033657482441923285,0.6083984375,11.730682373046875,1.0,0.030788298760055233,2.4211755861561652,0.9683224681097778,0.45775165319617933,0.5869774973290598,0.6286783854166667,alarm clock bakelike red,alarm clock bakelike green
frozenset({'alarm clock bakelike red'}),frozenset({'alarm clock bakelike pink'}),0.05532144786601837,0.041329011345218804,0.024527282549972988,0.443359375,10.727558210784313,1.0,0.022240901803484384,1.722244021723677,0.9598843328911082,0.34007490636704113,0.41936218829247673,0.5184117136437909,alarm clock bakelike red,alarm clock bakelike pink
frozenset({'alarm clock bakelike pink'}),frozenset({'alarm clock bakelike red'}),0.041329011345218804,0.05532144786601837,0.024527282549972988,0.5934640522875817,10.727558210784313,1.0,0.022240901803484384,2.32372698515272,0.945874186809463,0.34007490636704113,0.5696568459249193,0.5184117136437909,alarm clock bakelike pink,alarm clock bakelike red
frozenset({'alarm clock bakelike green'}),frozenset({'alarm clock bakelike pink'}),0.05186385737439222,0.041329011345218804,0.02215018908698001,0.42708333333333337,10.33374183006536,1.0,0.020006707137146945,1.673316634742891,0.9526370648321868,0.311787072243346,0.40238447449985915,0.481515522875817,alarm clock bakelike green,alarm clock bakelike pink
frozenset({'alarm clock bakelike pink'}),frozenset({'alarm clock bakelike green'}),0.041329011345218804,0.05186385737439222,0.02215018908698001,0.5359477124183006,10.33374183006536,1.0,0.020006707137146945,2.0431666172072953,0.9421685256582067,0.311787072243346,0.5105636556616949,0.481515522875817,alarm clock bakelike pink,alarm clock bakelike green
frozenset({'wooden picture frame white finish'}),frozenset({'wooden frame antique white'}),0.055915721231766614,0.05121555915721232,0.02744462452728255,0.4908212560386473,9.583440347336879,1.0,0.024580869598718812,1.8633622320157215,0.9487006184312797,0.34440677966101696,0.4633356935016149,0.5133431174708004,wooden picture frame white finish,wooden frame antique white
frozenset({'wooden frame antique white'}),frozenset({'wooden picture frame white finish'}),0.05121555915721232,0.055915721231766614,0.02744462452728255,0.5358649789029535,9.583440347336879,1.0,0.024580869598718812,2.0340724915279207,0.9440008716026997,0.34440677966101696,0.5083754368808966,0.5133431174708004,wooden frame antique white,wooden picture frame white finish
frozenset({'jumbo bag red retrospot'}),frozenset({'lunch bag red retrospot'}),0.09708265802269044,0.07779578606158834,0.0277687736358725,0.2860322760155815,3.676706547950287,1.0,0.020216151942048934,1.2916609294211425,0.8062946875390694,0.1887623944179214,0.22580301283236168,0.3214883602300129,jumbo bag red retrospot,lunch bag red retrospot
frozenset({'lunch bag red retrospot'}),frozenset({'jumbo bag red retrospot'}),0.07779578606158834,0.09708265802269044,0.0277687736358725,0.3569444444444444,3.676706547950287,1.0,0.020216151942048934,1.4041047218653624,0.7894319339683928,0.1887623944179214,0.28780240930214,0.3214883602300129,lunch bag red retrospot,jumbo bag red retrospot
frozenset({'jumbo bag red retrospot'}),frozenset({'jumbo storage bag suki'}),0.09708265802269044,0.05969746083198271,0.03511615343057806,0.3617139677239844,6.059118138073259,1.0,0.02932056525580373,1.4731679711289687,0.9247352360437983,0.2886323268206039,0.3211907809578254,0.4749746309208157,jumbo bag red retrospot,jumbo storage bag suki
frozenset({'jumbo storage bag suki'}),frozenset({'jumbo bag red retrospot'}),0.05969746083198271,0.09708265802269044,0.03511615343057806,0.588235294117647,6.059118138073258,1.0,0.02932056525580373,2.192799259087751,0.8879689744326342,0.2886323268206039,0.5439619035551754,0.4749746309208157,jumbo storage bag suki,jumbo bag red retrospot
frozenset({'jumbo storage bag suki'}),frozenset({'jumbo shopper vintage red paisley'}),0.05969746083198271,0.05980551053484603,0.026202052944354404,0.43891402714932126,7.339023163987296,1.0,0.022631815821663702,1.6756692110628952,0.918578912920508,0.280833815865663,0.4032235041391678,0.43851753751323336,jumbo storage bag suki,jumbo shopper vintage red paisley
frozenset({'jumbo shopper vintage red paisley'}),frozenset({'jumbo storage bag suki'}),0.05980551053484603,0.05969746083198271,0.026202052944354404,0.43812104787714545,7.339023163987296,1.0,0.022631815821663702,1.673496641252404,0.9186844785026399,0.280833815865663,0.4024487558865822,0.43851753751323336,jumbo shopper vintage red paisley,jumbo storage bag suki
frozenset({'jumbo storage bag suki'}),frozenset({'jumbo bag pink polkadot'}),0.05969746083198271,0.05964343598055105,0.02560777957860616,0.4289592760180996,7.192061774542593,1.0,0.022047217895272347,1.646741685010287,0.9156178749740909,0.27319884726224786,0.39274021596547304,0.42915355105252806,jumbo storage bag suki,jumbo bag pink polkadot
frozenset({'jumbo bag pink polkadot'}),frozenset({'jumbo storage bag suki'}),0.05964343598055105,0.05969746083198271,0.02560777957860616,0.42934782608695654,7.192061774542593,1.0,0.022047217895272347,1.647768259113478,0.9155652713963032,0.27319884726224786,0.39311854414648467,0.42915355105252806,jumbo bag pink polkadot,jumbo storage bag suki
frozenset({'jumbo bag red retrospot'}),frozenset({'jumbo bag pink polkadot'}),0.09708265802269044,0.05964343598055105,0.03938411669367909,0.4056761268781302,6.801689409886042,1.0,0.033593773395081024,1.5822291624933984,0.9446907966224267,0.33563535911602205,0.36798030038574,0.5330011069173259,jumbo bag red retrospot,jumbo bag pink polkadot
frozenset({'jumbo bag pink polkadot'}),frozenset({'jumbo bag red retrospot'}),0.05964343598055105,0.09708265802269044,0.03938411669367909,0.6603260869565217,6.801689409886042,1.0,0.033593773395081024,2.658188654781199,0.9070790120619682,0.33563535911602205,0.6238039771175263,0.5330011069173259,jumbo bag pink polkadot,jumbo bag red retrospot
frozenset({'jumbo shopper vintage red paisley'}),frozenset({'jumbo bag pink polkadot'}),0.05980551053484603,0.05964343598055105,0.023122636412749864,0.3866305329719964,6.482365185970701,1.0,0.019555630273880603,1.5330997295574813,0.8995323075138512,0.24004486819966347,0.34772671293299173,0.3871558461961431,jumbo shopper vintage red paisley,jumbo bag pink polkadot
frozenset({'jumbo bag pink polkadot'}),frozenset({'jumbo shopper vintage red paisley'}),0.05964343598055105,0.05980551053484603,0.023122636412749864,0.38768115942028986,6.482365185970701,1.0,0.019555630273880603,1.5354655567596596,0.8993772691981818,0.24004486819966347,0.3487317279129786,0.3871558461961431,jumbo bag pink polkadot,jumbo shopper vintage red paisley
frozenset({'jumbo  bag baroque black white'}),frozenset({'jumbo storage bag suki'}),0.04597514856834144,0.05969746083198271,0.02144786601836845,0.46650998824911866,7.8145700294037885,1.0,0.0187032663874653,1.7625494731981997,0.9140578519198649,0.254650416933932,0.43264003921236344,0.4128930031743331,jumbo  bag baroque black white,jumbo storage bag suki
frozenset({'jumbo storage bag suki'}),frozenset({'jumbo  bag baroque black white'}),0.05969746083198271,0.04597514856834144,0.02144786601836845,0.3592760180995475,7.814570029403789,1.0,0.0187032663874653,1.4889794644519532,0.927397162140356,0.254650416933932,0.3283990653503949,0.4128930031743331,jumbo storage bag suki,jumbo  bag baroque black white
frozenset({'jumbo  bag baroque black white'}),frozenset({'jumbo bag pink polkadot'}),0.04597514856834144,0.05964343598055105,0.020205294435440304,0.4394829612220917,7.36850508353344,1.0,0.01746317860510811,1.6776591949277797,0.9059378911179193,0.23655913978494628,0.4039313806860231,0.38912553858206034,jumbo  bag baroque black white,jumbo bag pink polkadot
frozenset({'jumbo bag pink polkadot'}),frozenset({'jumbo  bag baroque black white'}),0.05964343598055105,0.04597514856834144,0.020205294435440304,0.33876811594202905,7.3685050835334405,1.0,0.01746317860510811,1.442799227370618,0.9191058956251487,0.23655913978494628,0.30690287253451254,0.38912553858206034,jumbo bag pink polkadot,jumbo  bag baroque black white
frozenset({'jumbo  bag baroque black white'}),frozenset({'jumbo bag red retrospot'}),0.04597514856834144,0.09708265802269044,0.02814694759589411,0.6122209165687427,6.306182062152158,1.0,0.023683557969891432,2.328432297038456,0.8819743489886622,0.2449459332393042,0.5705264863093057,0.45107428688759893,jumbo  bag baroque black white,jumbo bag red retrospot
frozenset({'jumbo bag red retrospot'}),frozenset({'jumbo  bag baroque black white'}),0.09708265802269044,0.04597514856834144,0.02814694759589411,0.2899276572064552,6.306182062152157,1.0,0.023683557969891432,1.3435600768202904,0.9318964296530119,0.2449459332393042,0.2557087567184713,0.45107428688759893,jumbo bag red retrospot,jumbo  bag baroque black white
frozenset({'jumbo  bag baroque black white'}),frozenset({'jumbo shopper vintage red paisley'}),0.04597514856834144,0.05980551053484603,0.02106969205834684,0.45828437132784955,7.662912116782742,1.0,0.018320124826301784,1.7355867907480387,0.911403206906916,0.24872448979591838,0.4238259905348788,0.40529394718153994,jumbo  bag baroque black white,jumbo shopper vintage red paisley
frozenset({'jumbo shopper vintage red paisley'}),frozenset({'jumbo  bag baroque black white'}),0.05980551053484603,0.04597514856834144,0.02106969205834684,0.3523035230352303,7.662912116782742,1.0,0.018320124826301784,1.4729505028379999,0.9248100460132869,0.24872448979591838,0.32109056069891345,0.40529394718153994,jumbo shopper vintage red paisley,jumbo  bag baroque black white
frozenset({'jumbo bag red retrospot'}),frozenset({'jumbo bag pink vintage paisley'}),0.09708265802269044,0.0435440302539168,0.02479740680713128,0.25542570951585974,5.8659179691545456,1.0,0.020570036609060587,1.2845675468114435,0.918714991930277,0.21408582089552236,0.2215278966978403,0.41245230885222267,jumbo bag red retrospot,jumbo bag pink vintage paisley
frozenset({'jumbo bag pink vintage paisley'}),frozenset({'jumbo bag red retrospot'}),0.0435440302539168,0.09708265802269044,0.02479740680713128,0.5694789081885856,5.865917969154546,1.0,0.020570036609060587,2.0972662179645862,0.867288955045793,0.21408582089552236,0.5231888105409394,0.41245230885222267,jumbo bag pink vintage paisley,jumbo bag red retrospot
frozenset({'jumbo bag pink vintage paisley'}),frozenset({'jumbo shopper vintage red paisley'}),0.0435440302539168,0.05980551053484603,0.020799567801188548,0.47766749379652607,7.98701473367091,1.0,0.018195394841108273,1.799992300496233,0.9146231536199907,0.2519633507853404,0.4444420680442279,0.4127271524989857,jumbo bag pink vintage paisley,jumbo shopper vintage red paisley
frozenset({'jumbo shopper vintage red paisley'}),frozenset({'jumbo bag pink vintage paisley'}),0.05980551053484603,0.0435440302539168,0.020799567801188548,0.3477868112014454,7.987014733670911,1.0,0.018195394841108273,1.4664775048599918,0.9304423554380459,0.2519633507853404,0.31809387004850626,0.4127271524989857,jumbo shopper vintage red paisley,jumbo bag pink vintage paisley
frozenset({'pack of 60 pink paisley cake cases'}),frozenset({'pack of 72 retrospot cake cases'}),0.0428957320367369,0.06439762290653701,0.020907617504051863,0.48740554156171284,7.568688401264517,1.0,0.018145234328050222,1.8252292074010066,0.9067734213601567,0.2420262664165103,0.4521236040135873,0.4060349855459571,pack of 60 pink paisley cake cases,pack of 72 retrospot cake cases
frozenset({'pack of 72 retrospot cake cases'}),frozenset({'pack of 60 pink paisley cake cases'}),0.06439762290653701,0.0428957320367369,0.020907617504051863,0.3246644295302013,7.568688401264517,1.0,0.018145234328050222,1.417227686226347,0.9276127689581094,0.2420262664165103,0.29439707555904415,0.4060349855459571,pack of 72 retrospot cake cases,pack of 60 pink paisley cake cases
frozenset({'60 teatime fairy cake cases'}),frozenset({'pack of 72 retrospot cake cases'}),0.041815235008103725,0.06439762290653701,0.02215018908698001,0.5297157622739018,8.225703657457988,1.0,0.01945738735117992,1.989440219424012,0.9167645796890985,0.26349614395886883,0.4973460422502554,0.436837746908763,60 teatime fairy cake cases,pack of 72 retrospot cake cases
frozenset({'pack of 72 retrospot cake cases'}),frozenset({'60 teatime fairy cake cases'}),0.06439762290653701,0.041815235008103725,0.02215018908698001,0.34395973154362414,8.225703657457988,1.0,0.01945738735117992,1.460557851496599,0.9388922846382869,0.26349614395886883,0.31533009871856577,0.436837746908763,pack of 72 retrospot cake cases,60 teatime fairy cake cases
frozenset({'strawberry charlotte bag'}),frozenset({'red retrospot charlotte bag'}),0.03398163155051324,0.048190167477039435,0.02069151809832523,0.6089030206677265,12.63542030556011,1.0,0.01905393758276295,2.4336926205566756,0.9532504052392792,0.3365553602811951,0.5891017659529809,0.5191376089885718,strawberry charlotte bag,red retrospot charlotte bag
frozenset({'red retrospot charlotte bag'}),frozenset({'strawberry charlotte bag'}),0.048190167477039435,0.03398163155051324,0.02069151809832523,0.42937219730941706,12.63542030556011,1.0,0.01905393758276295,1.6929044885205153,0.9674804459123368,0.3365553602811951,0.40929922108368155,0.5191376089885718,red retrospot charlotte bag,strawberry charlotte bag
frozenset({'jumbo bag red retrospot'}),frozenset({'jumbo shopper vintage red paisley'}),0.09708265802269044,0.05980551053484603,0.033387358184764994,0.34390651085141904,5.750415100144324,1.0,0.027581280257638126,1.4330190819074482,0.9149226315890369,0.2703412073490814,0.30217258609778586,0.45108604675362285,jumbo bag red retrospot,jumbo shopper vintage red paisley
frozenset({'jumbo shopper vintage red paisley'}),frozenset({'jumbo bag red retrospot'}),0.05980551053484603,0.09708265802269044,0.033387358184764994,0.5582655826558266,5.750415100144324,1.0,0.027581280257638126,2.044027602390351,0.8786474712260858,0.2703412073490814,0.5107698160090558,0.45108604675362285,jumbo shopper vintage red paisley,jumbo bag red retrospot
frozenset({'jumbo bag red retrospot'}),frozenset({'recycling bag retrospot'}),0.09708265802269044,0.03862776877363587,0.020475418692598595,0.2109070673344463,5.459985757147694,1.0,0.016725332226568145,1.2183257401366547,0.9046778715066575,0.17768401312705112,0.17920145076485533,0.3704884987021882,jumbo bag red retrospot,recycling bag retrospot
frozenset({'recycling bag retrospot'}),frozenset({'jumbo bag red retrospot'}),0.03862776877363587,0.09708265802269044,0.020475418692598595,0.5300699300699301,5.459985757147694,1.0,0.016725332226568145,1.921386605695763,0.8496702032307258,0.17768401312705112,0.4795425360853471,0.3704884987021882,recycling bag retrospot,jumbo bag red retrospot
frozenset({'white hanging heart t-light holder'}),frozenset({'natural slate heart chalkboard'}),0.10275526742301459,0.06547811993517018,0.020907617504051863,0.2034700315457413,3.107450729300059,1.0,0.014179395779757228,1.1732413306160436,0.7558615629340861,0.1419141914191419,0.14766043958328542,0.2613884811194053,white hanging heart t-light holder,natural slate heart chalkboard
frozenset({'natural slate heart chalkboard'}),frozenset({'white hanging heart t-light holder'}),0.06547811993517018,0.10275526742301459,0.020907617504051863,0.3193069306930693,3.107450729300059,1.0,0.014179395779757228,1.3181340798585532,0.7257109976418835,0.1419141914191419,0.24135183568934926,0.2613884811194053,natural slate heart chalkboard,white hanging heart t-light holder
frozenset({'chocolate hot water bottle'}),frozenset({'hot water bottle i am so poorly'}),0.044894651539708265,0.03527822798487304,0.020745542949756886,0.46209386281588444,13.098556509528363,1.0,0.019161739197437626,1.7934760459610075,0.9670720735052887,0.3490909090909091,0.4424235538288638,0.5250744964921689,chocolate hot water bottle,hot water bottle i am so poorly
frozenset({'hot water bottle i am so poorly'}),frozenset({'chocolate hot water bottle'}),0.03527822798487304,0.044894651539708265,0.020745542949756886,0.5880551301684532,13.098556509528363,1.0,0.019161739197437626,2.3185271098311167,0.9574322219577757,0.3490909090909091,0.5686916940674286,0.5250744964921689,hot water bottle i am so poorly,chocolate hot water bottle
frozenset({'lunch bag red retrospot'}),frozenset({'lunch bag spaceboy design'}),0.07779578606158834,0.06050783360345759,0.027714748784440843,0.35624999999999996,5.887667410714284,1.0,0.02300749430637607,1.4594053070237551,0.9001839690027647,0.25061064973131414,0.31478939045428406,0.40714285714285714,lunch bag red retrospot,lunch bag spaceboy design
frozenset({'lunch bag spaceboy design'}),frozenset({'lunch bag red retrospot'}),0.06050783360345759,0.07779578606158834,0.027714748784440843,0.45803571428571427,5.887667410714285,1.0,0.02300749430637607,1.7015959136919623,0.8836193416260606,0.25061064973131414,0.4123164072307306,0.40714285714285714,lunch bag spaceboy design,lunch bag red retrospot
frozenset({'lunch bag  black skull.'}),frozenset({'lunch bag spaceboy design'}),0.0655861696380335,0.06050783360345759,0.026472177201512695,0.4036243822075782,6.6706136738056,1.0,0.02250370016236642,1.5753363121621582,0.9097561781419321,0.26572668112798264,0.36521491171145903,0.42056219110378906,lunch bag  black skull.,lunch bag spaceboy design
frozenset({'lunch bag spaceboy design'}),frozenset({'lunch bag  black skull.'}),0.06050783360345759,0.0655861696380335,0.026472177201512695,0.43749999999999994,6.6706136738056,1.0,0.02250370016236642,1.6611801428657182,0.9048385771790026,0.26572668112798264,0.39801832793709524,0.42056219110378906,lunch bag spaceboy design,lunch bag  black skull.
frozenset({'lunch bag pink polkadot'}),frozenset({'lunch bag red retrospot'}),0.05640194489465154,0.07779578606158834,0.029875742841707187,0.5296934865900383,6.808768358876117,1.0,0.02548790920322538,1.9608578398201666,0.9041249659115546,0.2863801139306059,0.49001912342012943,0.45686063218390804,lunch bag pink polkadot,lunch bag red retrospot
frozenset({'lunch bag red retrospot'}),frozenset({'lunch bag pink polkadot'}),0.07779578606158834,0.05640194489465154,0.029875742841707187,0.38402777777777775,6.808768358876117,1.0,0.02548790920322538,1.5318841029895172,0.9250993939432461,0.2863801139306059,0.34720910149242334,0.45686063218390804,lunch bag red retrospot,lunch bag pink polkadot
frozenset({'lunch bag pink polkadot'}),frozenset({'lunch bag spaceboy design'}),0.05640194489465154,0.06050783360345759,0.02215018908698001,0.39272030651340994,6.49040435139573,1.0,0.01873742959038305,1.5470501919842117,0.8964901844140393,0.233751425313569,0.3536085608719505,0.3793958675424193,lunch bag pink polkadot,lunch bag spaceboy design
frozenset({'lunch bag spaceboy design'}),frozenset({'lunch bag pink polkadot'}),0.06050783360345759,0.05640194489465154,0.02215018908698001,0.36607142857142855,6.49040435139573,1.0,0.01873742959038305,1.4884927066450568,0.900408140366625,0.233751425313569,0.3281794425087108,0.3793958675424193,lunch bag spaceboy design,lunch bag pink polkadot
frozenset({'lunch bag pink polkadot'}),frozenset({'lunch bag  black skull.'}),0.05640194489465154,0.0655861696380335,0.027984873041599134,0.4961685823754789,7.565140411672251,1.0,0.0242856855158235,1.8546160435321157,0.9196868753722068,0.2977011494252873,0.4608048369432305,0.46142860749745934,lunch bag pink polkadot,lunch bag  black skull.
frozenset({'lunch bag  black skull.'}),frozenset({'lunch bag pink polkadot'}),0.0655861696380335,0.05640194489465154,0.027984873041599134,0.4266886326194398,7.565140411672251,1.0,0.0242856855158235,1.6458736191061678,0.9287263509048893,0.2977011494252873,0.3924199352906121,0.46142860749745934,lunch bag  black skull.,lunch bag pink polkadot
frozenset({'lunch bag pink polkadot'}),frozenset({'lunch bag cars blue'}),0.05640194489465154,0.059265262020529445,0.02593192868719611,0.4597701149425287,7.7578348473894305,1.0,0.02258925264454712,1.7413600468981687,0.9231664376502919,0.2889825406381698,0.4257362216496988,0.4486635442533974,lunch bag pink polkadot,lunch bag cars blue
frozenset({'lunch bag cars blue'}),frozenset({'lunch bag pink polkadot'}),0.059265262020529445,0.05640194489465154,0.02593192868719611,0.43755697356426615,7.757834847389431,1.0,0.02258925264454712,1.6776775793364136,0.925976282088095,0.2889825406381698,0.40393791255436656,0.4486635442533974,lunch bag cars blue,lunch bag pink polkadot
frozenset({'lunch bag woodland'}),frozenset({'lunch bag red retrospot'}),0.05305240410588871,0.07779578606158834,0.026039978390059428,0.49083503054989813,6.309275288526815,1.0,0.02191272491018478,1.8112090761750401,0.888648109675379,0.2484536082474226,0.4478826253941778,0.41277862638606017,lunch bag woodland,lunch bag red retrospot
frozenset({'lunch bag red retrospot'}),frozenset({'lunch bag woodland'}),0.07779578606158834,0.05305240410588871,0.026039978390059428,0.3347222222222222,6.309275288526815,1.0,0.02191272491018478,1.4233867829723592,0.9124911579607523,0.2484536082474226,0.2974502700441199,0.41277862638606017,lunch bag red retrospot,lunch bag woodland
frozenset({'lunch bag woodland'}),frozenset({'lunch bag spaceboy design'}),0.05305240410588871,0.06050783360345759,0.024905456509994598,0.46945010183299385,7.758501236543496,1.0,0.021695370470092092,1.7707894575842698,0.9199127073781422,0.2809262644728823,0.4352801256428244,0.44052862234506834,lunch bag woodland,lunch bag spaceboy design
frozenset({'lunch bag spaceboy design'}),frozenset({'lunch bag woodland'}),0.06050783360345759,0.05305240410588871,0.024905456509994598,0.41160714285714284,7.758501236543497,1.0,0.021695370470092092,1.6093798291371846,0.9272127622153006,0.2809262644728823,0.37864264116189605,0.44052862234506834,lunch bag spaceboy design,lunch bag woodland
frozenset({'lunch bag pink polkadot'}),frozenset({'lunch bag woodland'}),0.05640194489465154,0.05305240410588871,0.020367368989735277,0.36111111111111105,6.806687033265443,1.0,0.017375110216826157,1.4821788457473044,0.9040773723013503,0.22862340812613702,0.32531758709873715,0.3725107490382439,lunch bag pink polkadot,lunch bag woodland
frozenset({'lunch bag woodland'}),frozenset({'lunch bag pink polkadot'}),0.05305240410588871,0.05640194489465154,0.020367368989735277,0.3839103869653767,6.806687033265443,1.0,0.017375110216826157,1.5315922150635572,0.900879471965734,0.22862340812613702,0.3470846938468523,0.3725107490382439,lunch bag woodland,lunch bag pink polkadot
frozenset({'lunch bag  black skull.'}),frozenset({'lunch bag woodland'}),0.0655861696380335,0.05305240410588871,0.022798487304159915,0.34761120263591433,6.552223381660665,1.0,0.019318983328765593,1.4515080573427415,0.9068573507942005,0.237880496054115,0.31106135102640203,0.38867321842590014,lunch bag  black skull.,lunch bag woodland
frozenset({'lunch bag woodland'}),frozenset({'lunch bag  black skull.'}),0.05305240410588871,0.0655861696380335,0.022798487304159915,0.42973523421588594,6.552223381660665,1.0,0.019318983328765593,1.6385613953847342,0.8948542183555735,0.237880496054115,0.38970855604394367,0.38867321842590014,lunch bag woodland,lunch bag  black skull.
frozenset({'lunch bag woodland'}),frozenset({'lunch bag cars blue'}),0.05305240410588871,0.059265262020529445,0.023068611561318206,0.43482688391038693,7.3369604568653255,1.0,0.0199244469311637,1.6645072300825947,0.9120924753916652,0.2584745762711864,0.3992215942790594,0.412035137488466,lunch bag woodland,lunch bag cars blue
frozenset({'lunch bag cars blue'}),frozenset({'lunch bag woodland'}),0.059265262020529445,0.05305240410588871,0.023068611561318206,0.3892433910665451,7.3369604568653255,1.0,0.0199244469311637,1.5504500189490151,0.9181161723232703,0.2584745762711864,0.35502596808773107,0.412035137488466,lunch bag cars blue,lunch bag woodland
frozenset({'lunch bag  black skull.'}),frozenset({'lunch bag red retrospot'}),0.0655861696380335,0.07779578606158834,0.03171258779038358,0.48352553542009885,6.2153178198791865,1.0,0.026610260168624084,1.7855756231598594,0.8980038121683658,0.28398645379777454,0.43995651204604747,0.4455822121544939,lunch bag  black skull.,lunch bag red retrospot
frozenset({'lunch bag red retrospot'}),frozenset({'lunch bag  black skull.'}),0.07779578606158834,0.0655861696380335,0.03171258779038358,0.4076388888888889,6.2153178198791865,1.0,0.026610260168624084,1.577439526050682,0.9098930249129499,0.28398645379777454,0.3660612762102991,0.4455822121544939,lunch bag red retrospot,lunch bag  black skull.
frozenset({'lunch bag  black skull.'}),frozenset({'lunch bag cars blue'}),0.0655861696380335,0.059265262020529445,0.026580226904376014,0.4052718286655683,6.838269415314192,1.0,0.022693245375855067,1.581789434774345,0.913689569654716,0.2704782847718527,0.3678046028024849,0.4268838632844706,lunch bag  black skull.,lunch bag cars blue
frozenset({'lunch bag cars blue'}),frozenset({'lunch bag  black skull.'}),0.059265262020529445,0.0655861696380335,0.026580226904376014,0.44849589790337285,6.838269415314193,1.0,0.022693245375855067,1.6943007800116978,0.9075503817118227,0.2704782847718527,0.40978602394723823,0.4268838632844706,lunch bag cars blue,lunch bag  black skull.
frozenset({'lunch bag red retrospot'}),frozenset({'lunch bag cars blue'}),0.07779578606158834,0.059265262020529445,0.027228525121555915,0.35,5.905651777575205,1.0,0.02261793747652283,1.4472842122761085,0.9007448322035316,0.2479094933595671,0.30905070924022277,0.4047174111212397,lunch bag red retrospot,lunch bag cars blue
frozenset({'lunch bag cars blue'}),frozenset({'lunch bag red retrospot'}),0.059265262020529445,0.07779578606158834,0.027228525121555915,0.45943482224247945,5.905651777575204,1.0,0.02261793747652283,1.706000038263807,0.8830020264006365,0.2479094933595671,0.4138335418692615,0.4047174111212397,lunch bag cars blue,lunch bag red retrospot
frozenset({'lunch bag cars blue'}),frozenset({'lunch bag spaceboy design'}),0.059265262020529445,0.06050783360345759,0.025121555915721232,0.4238833181403828,7.005428766766505,1.0,0.021535543302917723,1.6307324470522262,0.9112596014965955,0.26541095890410954,0.3867786209763362,0.4195309447844771,lunch bag cars blue,lunch bag spaceboy design
frozenset({'lunch bag spaceboy design'}),frozenset({'lunch bag cars blue'}),0.06050783360345759,0.059265262020529445,0.025121555915721232,0.4151785714285714,7.005428766766506,1.0,0.021535543302917723,1.608584590132835,0.9124648327119158,0.26541095890410954,0.3783354595499257,0.4195309447844771,lunch bag spaceboy design,lunch bag cars blue
frozenset({'red hanging heart t-light holder'}),frozenset({'white hanging heart t-light holder'}),0.036196650459211235,0.10275526742301459,0.023122636412749864,0.6388059701492538,6.216771034417817,1.0,0.01940323991499623,2.4841073174652077,0.8706597586019027,0.19962686567164178,0.5974409024242948,0.4319161291335123,red hanging heart t-light holder,white hanging heart t-light holder
frozenset({'white hanging heart t-light holder'}),frozenset({'red hanging heart t-light holder'}),0.10275526742301459,0.036196650459211235,0.023122636412749864,0.22502628811777076,6.216771034417817,1.0,0.01940323991499623,1.2436594103301086,0.9352462724866296,0.19962686567164178,0.1959213336917005,0.4319161291335123,white hanging heart t-light holder,red hanging heart t-light holder
frozenset({'jumbo bag red retrospot'}),frozenset({'white hanging heart t-light holder'}),0.09708265802269044,0.10275526742301459,0.021231766612641815,0.21869782971619367,2.1283369232632725,1.0,0.011256012125383186,1.1483965701145604,0.587151840022143,0.11887477313974591,0.12922066642863347,0.21266121769721355,jumbo bag red retrospot,white hanging heart t-light holder
frozenset({'white hanging heart t-light holder'}),frozenset({'jumbo bag red retrospot'}),0.10275526742301459,0.09708265802269044,0.021231766612641815,0.20662460567823343,2.1283369232632725,1.0,0.011256012125383186,1.1380707650370065,0.5908639632881789,0.11887477313974591,0.1213200174178245,0.21266121769721355,white hanging heart t-light holder,jumbo bag red retrospot
frozenset({'jumbo bag strawberry'}),frozenset({'jumbo bag red retrospot'}),0.039222042139384114,0.09708265802269044,0.023716909778498108,0.6046831955922864,6.228539760942249,1.0,0.019909129674528726,2.2840348093223923,0.8737177181608304,0.21065259117082533,0.5621783013470485,0.4244896222813964,jumbo bag strawberry,jumbo bag red retrospot
frozenset({'jumbo bag red retrospot'}),frozenset({'jumbo bag strawberry'}),0.09708265802269044,0.039222042139384114,0.023716909778498108,0.24429604897050639,6.22853976094225,1.0,0.019909129674528726,1.2713681813516398,0.9297071680591281,0.21065259117082533,0.21344578646221732,0.4244896222813964,jumbo bag red retrospot,jumbo bag strawberry
frozenset({'spaceboy lunch box'}),frozenset({'dolly girl lunch box'}),0.044840626688276604,0.04321988114532685,0.02668827660723933,0.5951807228915663,13.770993975903616,1.0,0.024750270051290043,2.3634746983612467,0.9709202740579259,0.4348591549295775,0.5768941378160866,0.6063403614457832,spaceboy lunch box,dolly girl lunch box
frozenset({'dolly girl lunch box'}),frozenset({'spaceboy lunch box'}),0.04321988114532685,0.044840626688276604,0.02668827660723933,0.6174999999999999,13.770993975903615,1.0,0.024750270051290043,2.497148688396662,0.9692755756828983,0.4348591549295775,0.5995432692307692,0.6063403614457832,dolly girl lunch box,spaceboy lunch box
frozenset({'heart of wicker small'}),frozenset({'heart of wicker large'}),0.05953538627768774,0.04775796866558617,0.02479740680713128,0.4165154264972777,8.72138070640793,1.0,0.0219541176947879,1.6319917862061029,0.9413849741285403,0.30058939096267184,0.38725181802250136,0.4678730978640235,heart of wicker small,heart of wicker large
frozenset({'heart of wicker large'}),frozenset({'heart of wicker small'}),0.04775796866558617,0.05953538627768774,0.02479740680713128,0.5192307692307693,8.721380706407931,1.0,0.0219541176947879,1.9561663965424096,0.9297418376052212,0.30058939096267184,0.4887960442590498,0.4678730978640235,heart of wicker large,heart of wicker small
frozenset({'paper chain kit vintage christmas'}),"frozenset({""paper chain kit 50's christmas""})",0.03895191788222582,0.053592652620205294,0.024581307401404646,0.6310679611650486,11.775270122142187,1.0,0.022493770797451754,2.565262020529444,0.9521649074406395,0.3616852146263911,0.6101762736137144,0.5448686580018791,paper chain kit vintage christmas,paper chain kit 50's christmas
"frozenset({""paper chain kit 50's christmas""})",frozenset({'paper chain kit vintage christmas'}),0.053592652620205294,0.03895191788222582,0.024581307401404646,0.4586693548387097,11.775270122142187,1.0,0.022493770797451754,1.775343943130041,0.9668947104955782,0.3616852146263911,0.43672886379585796,0.5448686580018791,paper chain kit 50's christmas,paper chain kit vintage christmas
frozenset({'jumbo storage bag skulls'}),frozenset({'jumbo bag red retrospot'}),0.03635872501350621,0.09708265802269044,0.020745542949756886,0.5705794947994056,5.877254562457985,1.0,0.017215741283129624,2.1026414226668835,0.8611633297359422,0.18408437200383507,0.5244077334252976,0.39213448863509515,jumbo storage bag skulls,jumbo bag red retrospot
frozenset({'jumbo bag red retrospot'}),frozenset({'jumbo storage bag skulls'}),0.09708265802269044,0.03635872501350621,0.020745542949756886,0.21368948247078462,5.877254562457984,1.0,0.017215741283129624,1.225522555662229,0.9190791786333993,0.18408437200383507,0.18402154625409115,0.39213448863509515,jumbo bag red retrospot,jumbo storage bag skulls
frozenset({'roses regency teacup and saucer'}),frozenset({'regency cakestand 3 tier'}),0.05564559697460832,0.10205294435440303,0.026580226904376014,0.47766990291262135,4.680608736322192,1.0,0.020901429892758772,1.7191179689869236,0.8326879965023907,0.2027194066749073,0.41830635358357626,0.3690625851249184,roses regency teacup and saucer,regency cakestand 3 tier
frozenset({'regency cakestand 3 tier'}),frozenset({'roses regency teacup and saucer'}),0.10205294435440303,0.05564559697460832,0.026580226904376014,0.26045526733721547,4.680608736322192,1.0,0.020901429892758772,1.2769402056656871,0.8757226507948853,0.2027194066749073,0.2168779747375205,0.3690625851249184,regency cakestand 3 tier,roses regency teacup and saucer
frozenset({'roses regency teacup and saucer'}),frozenset({'green regency teacup and saucer'}),0.05564559697460832,0.053592652620205294,0.04014046461372231,0.7213592233009708,13.460039539617913,1.0,0.03715826946521818,3.396514173523304,0.9802527633965832,0.5809225957779514,0.7055805013872,0.7351755793924208,roses regency teacup and saucer,green regency teacup and saucer
frozenset({'green regency teacup and saucer'}),frozenset({'roses regency teacup and saucer'}),0.053592652620205294,0.05564559697460832,0.04014046461372231,0.7489919354838709,13.460039539617911,1.0,0.03715826946521818,3.762247260245736,0.9781264016538573,0.5809225957779514,0.7342014145198198,0.7351755793924208,green regency teacup and saucer,roses regency teacup and saucer
frozenset({'regency cakestand 3 tier'}),frozenset({'green regency teacup and saucer'}),0.10205294435440303,0.053592652620205294,0.026039978390059428,0.25516146109052407,4.7611276661145165,1.0,0.020570690394404765,1.270620809666263,0.8797464388524141,0.20091704877032093,0.2129831399009933,0.37052427893235884,regency cakestand 3 tier,green regency teacup and saucer
frozenset({'green regency teacup and saucer'}),frozenset({'regency cakestand 3 tier'}),0.053592652620205294,0.10205294435440303,0.026039978390059428,0.48588709677419356,4.761127666114517,1.0,0.020570690394404765,1.7465950572557492,0.8346994839688306,0.20091704877032093,0.4274574430714351,0.37052427893235884,green regency teacup and saucer,regency cakestand 3 tier
"frozenset({'roses regency teacup and saucer', 'green regency teacup and saucer'})",frozenset({'regency cakestand 3 tier'}),0.04014046461372231,0.10205294435440303,0.02063749324689357,0.5141318977119785,5.037893820354009,1.0,0.016541040645309486,1.848129258572517,0.835022544590433,0.1697777777777778,0.45891230531548777,0.35817764816779446,green regency teacup and saucer|roses regency teacup and saucer,regency cakestand 3 tier
"frozenset({'regency cakestand 3 tier', 'green regency teacup and saucer'})",frozenset({'roses regency teacup and saucer'}),0.026039978390059428,0.05564559697460832,0.02063749324689357,0.7925311203319502,14.242476735285821,1.0,0.019188483104172815,4.5517882225823865,0.954646466171877,0.3380530973451327,0.7803061234178718,0.5817024533698586,green regency teacup and saucer|regency cakestand 3 tier,roses regency teacup and saucer
"frozenset({'roses regency teacup and saucer', 'regency cakestand 3 tier'})",frozenset({'green regency teacup and saucer'}),0.026580226904376014,0.053592652620205294,0.02063749324689357,0.7764227642276422,14.487485247836348,1.0,0.019212988379841114,4.233021953735081,0.9563961344066056,0.3466424682395644,0.7637621512646225,0.5807517046944662,regency cakestand 3 tier|roses regency teacup and saucer,green regency teacup and saucer
frozenset({'green regency teacup and saucer'}),"frozenset({'roses regency teacup and saucer', 'regency cakestand 3 tier'})",0.053592652620205294,0.026580226904376014,0.02063749324689357,0.3850806451612903,14.487485247836348,1.0,0.019212988379841114,1.5830039588702605,0.9836936607910847,0.3466424682395644,0.3682896404670598,0.5807517046944662,green regency teacup and saucer,regency cakestand 3 tier|roses regency teacup and saucer
frozenset({'roses regency teacup and saucer'}),"frozenset({'regency cakestand 3 tier', 'green regency teacup and saucer'})",0.05564559697460832,0.026039978390059428,0.02063749324689357,0.37087378640776697,14.242476735285823,1.0,0.019188483104172815,1.548115466447899,0.9845747421136497,0.3380530973451327,0.3540533495899582,0.5817024533698586,roses regency teacup and saucer,green regency teacup and saucer|regency cakestand 3 tier
frozenset({'regency cakestand 3 tier'}),"frozenset({'roses regency teacup and saucer', 'green regency teacup and saucer'})",0.10205294435440303,0.04014046461372231,0.02063749324689357,0.20222339862361038,5.037893820354008,1.0,0.016541040645309486,1.2031683227237415,0.8925964472497576,0.1697777777777778,0.1688610968944126,0.35817764816779446,regency cakestand 3 tier,green regency teacup and saucer|roses regency teacup and saucer
frozenset({'jumbo bag woodland animals'}),frozenset({'jumbo bag red retrospot'}),0.043868179362506754,0.09708265802269044,0.026148028092922746,0.5960591133004927,6.139707394096894,1.0,0.021889188637794457,2.2352709807487057,0.8755338652450806,0.22776470588235292,0.5526269483152109,0.43269844924902207,jumbo bag woodland animals,jumbo bag red retrospot
frozenset({'jumbo bag red retrospot'}),frozenset({'jumbo bag woodland animals'}),0.09708265802269044,0.043868179362506754,0.026148028092922746,0.26933778519755147,6.139707394096893,1.0,0.021889188637794457,1.3085825450765998,0.9271344670081636,0.22776470588235292,0.2358143521305615,0.43269844924902207,jumbo bag red retrospot,jumbo bag woodland animals
frozenset({'jumbo bag woodland animals'}),frozenset({'jumbo storage bag suki'}),0.043868179362506754,0.05969746083198271,0.02301458670988655,0.5246305418719212,8.788155049818336,1.0,0.02039576779062291,1.978045755970026,0.9268705994205334,0.2857142857142857,0.49445052169200004,0.4550754519314357,jumbo bag woodland animals,jumbo storage bag suki
frozenset({'jumbo storage bag suki'}),frozenset({'jumbo bag woodland animals'}),0.05969746083198271,0.043868179362506754,0.02301458670988655,0.38552036199095024,8.788155049818336,1.0,0.02039576779062291,1.5560024474292047,0.9424737643518873,0.2857142857142857,0.3573274890073731,0.4550754519314357,jumbo storage bag suki,jumbo bag woodland animals
frozenset({'jumbo bag woodland animals'}),frozenset({'jumbo bag pink polkadot'}),0.043868179362506754,0.05964343598055105,0.021339816315505133,0.48645320197044334,8.156022435210966,1.0,0.01872336736811413,1.8311019903688066,0.9176467054133272,0.2596975673898751,0.4538807749323743,0.42212152852145357,jumbo bag woodland animals,jumbo bag pink polkadot
frozenset({'jumbo bag pink polkadot'}),frozenset({'jumbo bag woodland animals'}),0.05964343598055105,0.043868179362506754,0.021339816315505133,0.3577898550724638,8.156022435210966,1.0,0.01872336736811413,1.4888145697937838,0.9330409854306023,0.2596975673898751,0.3283246817375582,0.42212152852145357,jumbo bag pink polkadot,jumbo bag woodland animals
frozenset({'set of 3 cake tins pantry design'}),frozenset({'recipe box pantry yellow design'}),0.0731496488384657,0.05877903835764452,0.020799567801188548,0.2843426883308715,4.837484522982014,1.0,0.016499901786264145,1.3151838824187299,0.8558889699715068,0.18716577540106952,0.23965004942052756,0.3191014912242593,set of 3 cake tins pantry design,recipe box pantry yellow design
frozenset({'recipe box pantry yellow design'}),frozenset({'set of 3 cake tins pantry design'}),0.05877903835764452,0.0731496488384657,0.020799567801188548,0.3538602941176471,4.837484522982014,1.0,0.016499901786264145,1.4344426487393305,0.842821212767258,0.18716577540106952,0.3028651226461674,0.3191014912242593,recipe box pantry yellow design,set of 3 cake tins pantry design
frozenset({'jumbo bag red retrospot'}),frozenset({'red retrospot charlotte bag'}),0.09708265802269044,0.048190167477039435,0.020583468395461914,0.21202003338898165,4.399653383441761,1.0,0.015905038846232317,1.207911206951808,0.8557919220786687,0.1650779896013865,0.172124578160407,0.31957503911601554,jumbo bag red retrospot,red retrospot charlotte bag
frozenset({'red retrospot charlotte bag'}),frozenset({'jumbo bag red retrospot'}),0.048190167477039435,0.09708265802269044,0.020583468395461914,0.4271300448430494,4.399653383441761,1.0,0.015905038846232317,1.5761296850171433,0.8118316717959353,0.1650779896013865,0.36553444205378116,0.31957503911601554,red retrospot charlotte bag,jumbo bag red retrospot
frozenset({'charlotte bag suki design'}),frozenset({'red retrospot charlotte bag'}),0.039330091842247436,0.048190167477039435,0.021339816315505133,0.5425824175824175,11.25919344108806,1.0,0.019444492602739886,2.0808335077378834,0.9484878037668586,0.32244897959183677,0.5194233482489811,0.49270376484502043,charlotte bag suki design,red retrospot charlotte bag
frozenset({'red retrospot charlotte bag'}),frozenset({'charlotte bag suki design'}),0.048190167477039435,0.039330091842247436,0.021339816315505133,0.4428251121076234,11.25919344108806,1.0,0.019444492602739886,1.7241801973374555,0.9573169557601474,0.32244897959183677,0.4200142180357726,0.49270376484502043,red retrospot charlotte bag,charlotte bag suki design
frozenset({'woodland charlotte bag'}),frozenset({'red retrospot charlotte bag'}),0.03835764451647758,0.048190167477039435,0.020853592652620205,0.543661971830986,11.281595402008465,1.0,0.019005131339346407,2.0857561144793273,0.9477120568201665,0.3174342105263158,0.5205575603695964,0.4881986989199773,woodland charlotte bag,red retrospot charlotte bag
frozenset({'red retrospot charlotte bag'}),frozenset({'woodland charlotte bag'}),0.048190167477039435,0.03835764451647758,0.020853592652620205,0.43273542600896864,11.281595402008465,1.0,0.019005131339346407,1.6952272353583044,0.9575022483482212,0.3174342105263158,0.41010858064191064,0.4881986989199773,red retrospot charlotte bag,woodland charlotte bag
frozenset({'red retrospot charlotte bag'}),frozenset({'charlotte bag pink polkadot'}),0.048190167477039435,0.03603457590491626,0.022798487304159915,0.47309417040358753,13.12889519365878,1.0,0.02106197505633791,1.8294833155166277,0.97060578393812,0.3711521547933158,0.45339758416019754,0.5528889142872511,red retrospot charlotte bag,charlotte bag pink polkadot
frozenset({'charlotte bag pink polkadot'}),frozenset({'red retrospot charlotte bag'}),0.03603457590491626,0.048190167477039435,0.022798487304159915,0.6326836581709147,13.12889519365878,1.0,0.02106197505633791,2.591253707317612,0.9583664575139719,0.3711521547933158,0.6140864180238182,0.5528889142872511,charlotte bag pink polkadot,red retrospot charlotte bag
frozenset({'jumbo bag red retrospot'}),frozenset({'jumbo bag spaceboy design'}),0.09708265802269044,0.03490005402485143,0.020475418692598595,0.2109070673344463,6.0431730903414875,1.0,0.01708722868273052,1.2230497904917785,0.9242529514651115,0.18362403100775196,0.18237179894539862,0.39879718691799715,jumbo bag red retrospot,jumbo bag spaceboy design
frozenset({'jumbo bag spaceboy design'}),frozenset({'jumbo bag red retrospot'}),0.03490005402485143,0.09708265802269044,0.020475418692598595,0.586687306501548,6.0431730903414875,1.0,0.01708722868273052,2.184586527780307,0.8647021707252804,0.18362403100775196,0.5422474746211723,0.39879718691799715,jumbo bag spaceboy design,jumbo bag red retrospot
frozenset({'pink regency teacup and saucer'}),frozenset({'green regency teacup and saucer'}),0.04035656401944895,0.053592652620205294,0.03317125877903836,0.821954484605087,15.337074102863065,1.0,0.031008443462598952,5.315536003704562,0.9741102584683128,0.5457777777777777,0.8118722177212102,0.7204530487541564,pink regency teacup and saucer,green regency teacup and saucer
frozenset({'green regency teacup and saucer'}),frozenset({'pink regency teacup and saucer'}),0.053592652620205294,0.04035656401944895,0.03317125877903836,0.6189516129032258,15.337074102863063,1.0,0.031008443462598952,2.5184293346367896,0.9877337893122866,0.5457777777777777,0.6029271156245403,0.7204530487541564,green regency teacup and saucer,pink regency teacup and saucer
frozenset({'regency cakestand 3 tier'}),frozenset({'pink regency teacup and saucer'}),0.10205294435440303,0.04035656401944895,0.020205294435440304,0.1979883536262573,4.905976473389589,1.0,0.016086788253228578,1.1965455119255848,0.8866524759123422,0.1653404067197171,0.1642607907235277,0.3493288488345477,regency cakestand 3 tier,pink regency teacup and saucer
frozenset({'pink regency teacup and saucer'}),frozenset({'regency cakestand 3 tier'}),0.04035656401944895,0.10205294435440303,0.020205294435440304,0.500669344042838,4.905976473389588,1.0,0.016086788253228578,1.7983014760516378,0.8296487531463739,0.1653404067197171,0.4439197135089905,0.3493288488345477,pink regency teacup and saucer,regency cakestand 3 tier
frozenset({'roses regency teacup and saucer'}),frozenset({'pink regency teacup and saucer'}),0.05564559697460832,0.04035656401944895,0.031172339276066992,0.5601941747572815,13.881116699808944,1.0,0.02892667417936076,2.181970726401694,0.982639233151827,0.4808333333333334,0.541698709382271,0.6663086000961775,roses regency teacup and saucer,pink regency teacup and saucer
frozenset({'pink regency teacup and saucer'}),frozenset({'roses regency teacup and saucer'}),0.04035656401944895,0.05564559697460832,0.031172339276066992,0.7724230254350737,13.881116699808945,1.0,0.02892667417936076,4.149604347411575,0.9669838313063072,0.4808333333333334,0.7590131693823349,0.6663086000961775,pink regency teacup and saucer,roses regency teacup and saucer
"frozenset({'roses regency teacup and saucer', 'pink regency teacup and saucer'})",frozenset({'green regency teacup and saucer'}),0.031172339276066992,0.053592652620205294,0.02814694759589411,0.9029462738301559,16.848322105439703,1.0,0.02647633924571267,9.75137570425252,0.9709125232939456,0.4971374045801526,0.8974503669708978,0.7140739433666908,pink regency teacup and saucer|roses regency teacup and saucer,green regency teacup and saucer
"frozenset({'roses regency teacup and saucer', 'green regency teacup and saucer'})",frozenset({'pink regency teacup and saucer'}),0.04014046461372231,0.04035656401944895,0.02814694759589411,0.7012113055181696,17.375396606614885,1.0,0.02652701636594,3.211779607808781,0.9818596598083942,0.5376676986584107,0.6886461332624736,0.6993338990776925,green regency teacup and saucer|roses regency teacup and saucer,pink regency teacup and saucer
"frozenset({'pink regency teacup and saucer', 'green regency teacup and saucer'})",frozenset({'roses regency teacup and saucer'}),0.03317125877903836,0.05564559697460832,0.02814694759589411,0.8485342019543974,15.248901046772714,1.0,0.026301113098735306,6.234769929651512,0.9664808915148048,0.4639358860195904,0.8396091577903831,0.677179722336422,green regency teacup and saucer|pink regency teacup and saucer,roses regency teacup and saucer
frozenset({'roses regency teacup and saucer'}),"frozenset({'pink regency teacup and saucer', 'green regency teacup and saucer'})",0.05564559697460832,0.03317125877903836,0.02814694759589411,0.5058252427184465,15.248901046772712,1.0,0.026301113098735306,1.9564510873430065,0.9894818097568047,0.4639358860195904,0.48887043153321663,0.677179722336422,roses regency teacup and saucer,green regency teacup and saucer|pink regency teacup and saucer
frozenset({'pink regency teacup and saucer'}),"frozenset({'roses regency teacup and saucer', 'green regency teacup and saucer'})",0.04035656401944895,0.04014046461372231,0.02814694759589411,0.6974564926372155,17.375396606614885,1.0,0.02652701636594,3.1726330660776525,0.982080762023067,0.5376676986584107,0.6848043945919322,0.6993338990776925,pink regency teacup and saucer,green regency teacup and saucer|roses regency teacup and saucer
frozenset({'green regency teacup and saucer'}),"frozenset({'roses regency teacup and saucer', 'pink regency teacup and saucer'})",0.053592652620205294,0.031172339276066992,0.02814694759589411,0.5252016129032258,16.848322105439703,1.0,0.02647633924571267,2.04050326844616,0.9939133622691133,0.4971374045801526,0.509924823221921,0.7140739433666908,green regency teacup and saucer,pink regency teacup and saucer|roses regency teacup and saucer
frozenset({'set of 3 cake tins pantry design'}),frozenset({'set of 6 spice tins pantry design'}),0.0731496488384657,0.044408427876823336,0.02150189086980011,0.29394387001477107,6.619101014566196,1.0,0.018253429965142152,1.3534215362497712,0.915921411674835,0.2238470191226097,0.2611318992522282,0.38906439242831015,set of 3 cake tins pantry design,set of 6 spice tins pantry design
frozenset({'set of 6 spice tins pantry design'}),frozenset({'set of 3 cake tins pantry design'}),0.044408427876823336,0.0731496488384657,0.02150189086980011,0.4841849148418492,6.619101014566196,1.0,0.018253429965142152,1.7968655392801445,0.8883733456972788,0.2238470191226097,0.4434753307136063,0.38906439242831015,set of 6 spice tins pantry design,set of 3 cake tins pantry design
frozenset({'lunch bag suki design'}),frozenset({'lunch bag red retrospot'}),0.05596974608319827,0.07779578606158834,0.02739059967585089,0.4893822393822394,6.2906008687258685,1.0,0.023036389283640976,1.8060558896790064,0.8908958906317619,0.2574911122397156,0.44630727890833344,0.4207327863577863,lunch bag suki design,lunch bag red retrospot
frozenset({'lunch bag red retrospot'}),frozenset({'lunch bag suki design'}),0.07779578606158834,0.05596974608319827,0.02739059967585089,0.3520833333333333,6.2906008687258685,1.0,0.023036389283640976,1.4570241861095332,0.9119809486174228,0.2574911122397156,0.3136695948265995,0.4207327863577863,lunch bag red retrospot,lunch bag suki design
frozenset({'lunch bag suki design'}),frozenset({'lunch bag cars blue'}),0.05596974608319827,0.059265262020529445,0.023824959481361426,0.4256756756756757,7.182549459213088,1.0,0.02050789781451818,1.6379851908348428,0.9118072928305273,0.26063829787234044,0.3894938699107998,0.4138405725689226,lunch bag suki design,lunch bag cars blue
frozenset({'lunch bag cars blue'}),frozenset({'lunch bag suki design'}),0.059265262020529445,0.05596974608319827,0.023824959481361426,0.40200546946216953,7.182549459213087,1.0,0.02050789781451818,1.5786603483944077,0.9150014721714027,0.26063829787234044,0.366551518813366,0.4138405725689226,lunch bag cars blue,lunch bag suki design
frozenset({'lunch bag suki design'}),frozenset({'lunch bag spaceboy design'}),0.05596974608319827,0.06050783360345759,0.02339276066990816,0.417953667953668,6.907430708769995,1.0,0.020006152587078226,1.6141192112550877,0.9059332228601729,0.2513058618688334,0.3804670726752384,0.40228040540540544,lunch bag suki design,lunch bag spaceboy design
frozenset({'lunch bag spaceboy design'}),frozenset({'lunch bag suki design'}),0.06050783360345759,0.05596974608319827,0.02339276066990816,0.38660714285714287,6.907430708769995,1.0,0.020006152587078226,1.5390303993985708,0.9103092085255124,0.2513058618688334,0.3502402549093347,0.40228040540540544,lunch bag spaceboy design,lunch bag suki design
frozenset({'lunch bag pink polkadot'}),frozenset({'lunch bag suki design'}),0.05640194489465154,0.05596974608319827,0.02101566720691518,0.3726053639846743,6.65726379088448,1.0,0.017858864672562993,1.5046833360139555,0.9005827554202259,0.2300413956238912,0.33540833737875253,0.3740439947336499,lunch bag pink polkadot,lunch bag suki design
frozenset({'lunch bag suki design'}),frozenset({'lunch bag pink polkadot'}),0.05596974608319827,0.05640194489465154,0.02101566720691518,0.3754826254826255,6.657263790884481,1.0,0.017858864672562993,1.5109236245581779,0.9001704478751097,0.2300413956238912,0.3381531774695636,0.3740439947336499,lunch bag suki design,lunch bag pink polkadot
frozenset({'lunch bag suki design'}),frozenset({'lunch bag  black skull.'}),0.05596974608319827,0.0655861696380335,0.026202052944354404,0.46814671814671815,7.137887770095348,1.0,0.0225312116831441,1.756901503185113,0.9108845070555488,0.2747875354107649,0.4308161281738988,0.4338262421046606,lunch bag suki design,lunch bag  black skull.
frozenset({'lunch bag  black skull.'}),frozenset({'lunch bag suki design'}),0.0655861696380335,0.05596974608319827,0.026202052944354404,0.39950576606260296,7.1378877700953485,1.0,0.0225312116831441,1.5720887904732472,0.9202587810065136,0.2747875354107649,0.3639036127857835,0.4338262421046606,lunch bag  black skull.,lunch bag suki design
frozenset({'jumbo bag red retrospot'}),frozenset({'jumbo bag scandinavian blue paisley'}),0.09708265802269044,0.03306320907617504,0.021663965424095082,0.22314969393433498,6.749184370464935,1.0,0.018454101204220065,1.2446886914685626,0.9434240641440734,0.19970119521912352,0.19658625738767127,0.43918922605213473,jumbo bag red retrospot,jumbo bag scandinavian blue paisley
frozenset({'jumbo bag scandinavian blue paisley'}),frozenset({'jumbo bag red retrospot'}),0.03306320907617504,0.09708265802269044,0.021663965424095082,0.6552287581699345,6.749184370464935,1.0,0.018454101204220065,2.6188882146450867,0.8809613579193148,0.19970119521912352,0.6181585779767539,0.43918922605213473,jumbo bag scandinavian blue paisley,jumbo bag red retrospot
frozenset({'lunch bag apple design'}),frozenset({'lunch bag red retrospot'}),0.052782279848730414,0.07779578606158834,0.023933009184224745,0.45342886386898673,5.828450187649266,1.0,0.01982677023327003,1.6872537771869442,0.8745906944389549,0.22441742654508612,0.40732092971382217,0.3805338763789378,lunch bag apple design,lunch bag red retrospot
frozenset({'lunch bag red retrospot'}),frozenset({'lunch bag apple design'}),0.07779578606158834,0.052782279848730414,0.023933009184224745,0.3076388888888889,5.828450187649267,1.0,0.01982677023327003,1.3680978104491757,0.8983127501814994,0.22441742654508612,0.26905810946976183,0.3805338763789378,lunch bag red retrospot,lunch bag apple design
frozenset({'lunch bag suki design'}),frozenset({'lunch bag apple design'}),0.05596974608319827,0.052782279848730414,0.022960561858454888,0.41023166023166024,7.772147421584474,1.0,0.020006351057629133,1.6060843831042804,0.9229952399868039,0.267632241813602,0.3773677083721001,0.4226183889694637,lunch bag suki design,lunch bag apple design
frozenset({'lunch bag apple design'}),frozenset({'lunch bag suki design'}),0.052782279848730414,0.05596974608319827,0.022960561858454888,0.43500511770726713,7.7721474215844735,1.0,0.020006351057629133,1.6708651414433247,0.9198892844082251,0.267632241813602,0.4015076530137069,0.4226183889694637,lunch bag apple design,lunch bag suki design
frozenset({'lunch bag apple design'}),frozenset({'lunch bag spaceboy design'}),0.052782279848730414,0.06050783360345759,0.020583468395461914,0.38996929375639716,6.444938953063313,1.0,0.0173897269891638,1.5400735680695001,0.891916899710527,0.22202797202797203,0.3506803696049978,0.36507393259248433,lunch bag apple design,lunch bag spaceboy design
frozenset({'lunch bag spaceboy design'}),frozenset({'lunch bag apple design'}),0.06050783360345759,0.052782279848730414,0.020583468395461914,0.34017857142857144,6.444938953063314,1.0,0.0173897269891638,1.435566774789475,0.8992512364936557,0.22202797202797203,0.30341101677652754,0.36507393259248433,lunch bag spaceboy design,lunch bag apple design
frozenset({'lunch bag  black skull.'}),frozenset({'lunch bag apple design'}),0.0655861696380335,0.052782279848730414,0.021339816315505133,0.32537067545304776,6.164392223782921,1.0,0.017878028755464143,1.4040565473304534,0.8965813417018935,0.21993318485523383,0.28777797311560566,0.3648347747787245,lunch bag  black skull.,lunch bag apple design
frozenset({'lunch bag apple design'}),frozenset({'lunch bag  black skull.'}),0.052782279848730414,0.0655861696380335,0.021339816315505133,0.40429887410440124,6.164392223782921,1.0,0.017878028755464143,1.568595038253679,0.8844619224363173,0.21993318485523383,0.362486826993089,0.3648347747787245,lunch bag apple design,lunch bag  black skull.
frozenset({'jumbo bag apples'}),frozenset({'jumbo bag red retrospot'}),0.04813614262560778,0.09708265802269044,0.025715829281469475,0.5342312008978676,5.502848930784379,1.0,0.021042644608416143,1.9385526547030911,0.8596564966868749,0.2151898734177215,0.4841512312941739,0.39955856093863884,jumbo bag apples,jumbo bag red retrospot
frozenset({'jumbo bag red retrospot'}),frozenset({'jumbo bag apples'}),0.09708265802269044,0.04813614262560778,0.025715829281469475,0.2648859209794101,5.502848930784378,1.0,0.021042644608416143,1.294851893793931,0.9062578720233381,0.2151898734177215,0.22771090285083606,0.39955856093863884,jumbo bag red retrospot,jumbo bag apples
frozenset({'spotty bunting'}),frozenset({'party bunting'}),0.059211237169097784,0.0829281469475959,0.024095083738519717,0.40693430656934304,4.907071019282436,1.0,0.019184805561611826,1.546324232223746,0.846324358371518,0.20411899313501142,0.3533050965890156,0.3487440262488409,spotty bunting,party bunting
frozenset({'party bunting'}),frozenset({'spotty bunting'}),0.0829281469475959,0.059211237169097784,0.024095083738519717,0.2905537459283387,4.907071019282435,1.0,0.019184805561611826,1.3260888438433744,0.8682116274922895,0.20411899313501142,0.24590271259524232,0.3487440262488409,party bunting,spotty bunting
frozenset({'jumbo bag red retrospot'}),frozenset({'jumbo bag vintage leaf'}),0.09708265802269044,0.04457050243111831,0.020745542949756886,0.21368948247078462,4.794414933980877,1.0,0.016418520104337135,1.215079127481444,0.8765187466343565,0.17158176943699732,0.17700833025356083,0.339572013962665,jumbo bag red retrospot,jumbo bag vintage leaf
frozenset({'jumbo bag vintage leaf'}),frozenset({'jumbo bag red retrospot'}),0.04457050243111831,0.09708265802269044,0.020745542949756886,0.46545454545454545,4.794414933980877,1.0,0.016418520104337135,1.689131081930341,0.8283436704834606,0.17158176943699732,0.40797963479708227,0.339572013962665,jumbo bag vintage leaf,jumbo bag red retrospot
frozenset({'jumbo bag apples'}),frozenset({'jumbo bag pears'}),0.04813614262560778,0.029875742841707187,0.02025931928687196,0.4208754208754209,14.087529910314721,1.0,0.018821216268397563,1.675156420790773,0.975995913502469,0.3507951356407858,0.4030408219860801,0.5494973849404229,jumbo bag apples,jumbo bag pears
frozenset({'jumbo bag pears'}),frozenset({'jumbo bag apples'}),0.029875742841707187,0.04813614262560778,0.02025931928687196,0.6781193490054249,14.08752991031472,1.0,0.018821216268397563,2.957195017573252,0.9576249930389262,0.3507951356407858,0.6618417134962492,0.5494973849404229,jumbo bag pears,jumbo bag apples
frozenset({'gardeners kneeling pad keep calm'}),frozenset({'gardeners kneeling pad cup of tea'}),0.04629929767693139,0.0391139924365208,0.027552674230145867,0.5950991831971996,15.214483261022327,1.0,0.025741723850994148,2.3731392175270942,0.9796293025792429,0.4761904761904761,0.5786172203407266,0.6497595363499811,gardeners kneeling pad keep calm,gardeners kneeling pad cup of tea
frozenset({'gardeners kneeling pad cup of tea'}),frozenset({'gardeners kneeling pad keep calm'}),0.0391139924365208,0.04629929767693139,0.027552674230145867,0.7044198895027625,15.214483261022325,1.0,0.025741723850994148,3.226538824681784,0.9723038388862798,0.4761904761904761,0.6900703650765384,0.6497595363499811,gardeners kneeling pad cup of tea,gardeners kneeling pad keep calm
